{"cameraMode":{"drawMode":0,"name":"Shaded","section":"Shading Mode"},"sceneLighting":true,"audioPlay":false,"sceneViewState":{"showFog":true,"showMaterialUpdate":false,"showSkybox":true,"showFlares":true,"showImageEffects":true,"showParticleSystems":true},"in2DMode":false,"pivot":{"x":6.248409748077393,"y":-1.746872067451477,"z":6.851816177368164},"rotation":{"x":-0.3874243497848511,"y":0.0039374809712171558,"z":-0.001557277049869299,"w":-0.9219682812690735},"size":11.44257640838623,"orthographic":false}